{
  "project_info": {
    "project_number": "79939696738",
    "project_id": "ebidb-e281e",
    "storage_bucket": "ebidb-e281e.appspot.com"
  },
  "client": [
    {
      "client_info": {
        "mobilesdk_app_id": "1:79939696738:android:77f7a8031d4391e95f793b",
        "android_client_info": {
          "package_name": "com.ebiapp.ebi"
        }
      },
      "oauth_client": [
        {
          "client_id": "79939696738-dhngs327ni83jkihn76316u62gnotr03.apps.googleusercontent.com",
          "client_type": 3
        }
      ],
      "api_key": [
        {
          "current_key": "AIzaSyCuJ2yjCuWPBv6WRjn2rmNOh1NGmkzXztM"
        }
      ],
      "services": {
        "appinvite_service": {
          "other_platform_oauth_client": [
            {
              "client_id": "79939696738-dhngs327ni83jkihn76316u62gnotr03.apps.googleusercontent.com",
              "client_type": 3
            },
            {
              "client_id": "79939696738-0uc4bovekrv12vcfr6qqs2e9u8r18uq5.apps.googleusercontent.com",
              "client_type": 2,
              "ios_info": {
                "bundle_id": "com.example.ebiDemoApp"
              }
            }
          ]
        }
      }
    },
    {
      "client_info": {
        "mobilesdk_app_id": "1:79939696738:android:429bdc0cebb37c8d5f793b",
        "android_client_info": {
          "package_name": "com.example.ebi_demo_app"
        }
      },
      "oauth_client": [
        {
          "client_id": "79939696738-dhngs327ni83jkihn76316u62gnotr03.apps.googleusercontent.com",
          "client_type": 3
        }
      ],
      "api_key": [
        {
          "current_key": "AIzaSyCuJ2yjCuWPBv6WRjn2rmNOh1NGmkzXztM"
        }
      ],
      "services": {
        "appinvite_service": {
          "other_platform_oauth_client": [
            {
              "client_id": "79939696738-dhngs327ni83jkihn76316u62gnotr03.apps.googleusercontent.com",
              "client_type": 3
            },
            {
              "client_id": "79939696738-0uc4bovekrv12vcfr6qqs2e9u8r18uq5.apps.googleusercontent.com",
              "client_type": 2,
              "ios_info": {
                "bundle_id": "com.example.ebiDemoApp"
              }
            }
          ]
        }
      }
    }
  ],
  "configuration_version": "1"
}